sonapur,subarnapur
aizwal,aizawl
anugul,angul
badgam,budgam
bangalorerural,bengalururural
bangaloreurban,bengaluruurban
baramula,baramulla
baudh,boudh
belgaum,belagavi
bellary,ballari
bemetara,bametara
bid,beed
chamarajanagar,chamarajanagara
debagarh,deogarh
devbhumidwaraka,devbhumidwarka
dhaulpur,dholpur
fategarhsahib,fatehgarhsahib
firozpur,ferozepur
gondiya,gondia
jagatsinghapur,jagatsinghpur
jajapur,jajpur
jalor,jalore
janjgir-champa,janjgirchampa
jhunjhunun,jhunjhunu
kabirdham,kabeerdham
kaimur(bhabua),kaimur
kanchipuram,kancheepuram
kochbihar,coochbehar
kodarma,koderma
lahulandspiti,lahaulandspiti
mahesana,mehsana
mahrajganj,maharajganj
maldah,malda
nandubar,nandurbar
narayanpet,narayanpur
narsimhapur,narsinghpur
pakaur,pakur
pattanamtitta,pathanamthitta
purbachamparan,eastchamparan
purbisinghbhum,eastsinghbhum
puruliya,purulia
raebareilly,raebareli
rajauri,rajouri
ri-bhoi,ribhoi
saitkibirnagar,santkabirnagar
sepahijala,sipahijala
seraikelakharsawan,saraikela-kharsawan
shaheedbhagatsinghnagar,shahidbhagatsinghnagar
sharawasti,shrawasti
shimoga,shivamogga
shopian,shopiyan
sivagangai,sivaganga
sriganganagar,ganganagar
sripottisriramulunellore,spsnellore
thenilgiris,nilgiris
thoothukudi,thoothukkudi
tiruchchirappalli,tiruchirappalli
tirunelvelikattabo,tirunelveli
tiruvanamalai,tiruvannamalai
tumkur,tumakuru
baleshwar,balasore
dantewada,dakshinbastardantewada
faizabad,ayodhya
hugli,hooghly
jyotibaphulenagar,amroha
kheri,lakhimpurkheri
muktsar,srimuktsarsahib
palghat,palakkad
pashchimchamparan,westchamparan
pashchimisinghbhum,westsinghbhum
santravidasnagar,bhadohi
thedangs,dang
ysr,ysrkadapa
bijapurdistrict,vijayapura
sahibzadaajitsinghnagar,sasnagar
yadagiri,yadgir